{
  "HTTP Request-1" : {
    "transaction" : "HTTP Request-1",
    "sampleCount" : 10,
    "errorCount" : 0,
    "errorPct" : 0.0,
    "meanResTime" : 1312.1,
    "medianResTime" : 1379.5,
    "minResTime" : 898.0,
    "maxResTime" : 1616.0,
    "pct1ResTime" : 1612.3,
    "pct2ResTime" : 1616.0,
    "pct3ResTime" : 1616.0,
    "throughput" : 4.992511233150275,
    "receivedKBytesPerSec" : 5657.485451510234,
    "sentKBytesPerSec" : 0.5704334123814279
  },
  "Total" : {
    "transaction" : "Total",
    "sampleCount" : 30,
    "errorCount" : 0,
    "errorPct" : 0.0,
    "meanResTime" : 951.5000000000001,
    "medianResTime" : 1123.0,
    "minResTime" : 95.0,
    "maxResTime" : 1743.0,
    "pct1ResTime" : 1690.7000000000003,
    "pct2ResTime" : 1729.8,
    "pct3ResTime" : 1743.0,
    "throughput" : 13.84402399630826,
    "receivedKBytesPerSec" : 10462.702252538073,
    "sentKBytesPerSec" : 2.1090505306875866
  },
  "HTTP Request-0" : {
    "transaction" : "HTTP Request-0",
    "sampleCount" : 10,
    "errorCount" : 0,
    "errorPct" : 0.0,
    "meanResTime" : 114.4,
    "medianResTime" : 103.0,
    "minResTime" : 95.0,
    "maxResTime" : 162.0,
    "pct1ResTime" : 162.0,
    "pct2ResTime" : 162.0,
    "pct3ResTime" : 162.0,
    "throughput" : 11.210762331838565,
    "receivedKBytesPerSec" : 4.926604540358745,
    "sentKBytesPerSec" : 1.2809171804932735
  },
  "HTTP Request" : {
    "transaction" : "HTTP Request",
    "sampleCount" : 10,
    "errorCount" : 0,
    "errorPct" : 0.0,
    "meanResTime" : 1428.0,
    "medianResTime" : 1483.5,
    "minResTime" : 1001.0,
    "maxResTime" : 1743.0,
    "pct1ResTime" : 1740.6,
    "pct2ResTime" : 1743.0,
    "pct3ResTime" : 1743.0,
    "throughput" : 4.614674665436087,
    "receivedKBytesPerSec" : 5231.351126269036,
    "sentKBytesPerSec" : 1.0545252653437933
  }
}