{
  "HTTP Request-1" : {
    "transaction" : "HTTP Request-1",
    "sampleCount" : 771,
    "errorCount" : 639,
    "errorPct" : 82.87938,
    "meanResTime" : 329081.9870298318,
    "medianResTime" : 356943.0,
    "minResTime" : 5372.0,
    "maxResTime" : 674669.0,
    "pct1ResTime" : 358341.6,
    "pct2ResTime" : 358547.8,
    "pct3ResTime" : 358835.4,
    "throughput" : 1.142542134019748,
    "receivedKBytesPerSec" : 223.32921765548056,
    "sentKBytesPerSec" : 0.022350008002240625
  },
  "Total" : {
    "transaction" : "Total",
    "sampleCount" : 2313,
    "errorCount" : 1278,
    "errorPct" : 55.25292,
    "meanResTime" : 219965.7137916127,
    "medianResTime" : 355998.0,
    "minResTime" : 163.0,
    "maxResTime" : 675002.0,
    "pct1ResTime" : 358449.8,
    "pct2ResTime" : 358702.6,
    "pct3ResTime" : 359046.72,
    "throughput" : 3.4266057492311246,
    "receivedKBytesPerSec" : 447.52932112225415,
    "sentKBytesPerSec" : 0.30569769037439337
  },
  "HTTP Request-0" : {
    "transaction" : "HTTP Request-0",
    "sampleCount" : 771,
    "errorCount" : 0,
    "errorPct" : 0.0,
    "meanResTime" : 866.102464332036,
    "medianResTime" : 515.0,
    "minResTime" : 163.0,
    "maxResTime" : 3516.0,
    "pct1ResTime" : 3101.8,
    "pct2ResTime" : 3152.0,
    "pct3ResTime" : 3236.24,
    "throughput" : 189.85471558729378,
    "receivedKBytesPerSec" : 83.43224806082246,
    "sentKBytesPerSec" : 21.69238449581384
  },
  "HTTP Request" : {
    "transaction" : "HTTP Request",
    "sampleCount" : 771,
    "errorCount" : 639,
    "errorPct" : 82.87938,
    "meanResTime" : 329949.05188067415,
    "medianResTime" : 357830.0,
    "minResTime" : 8531.0,
    "maxResTime" : 675002.0,
    "pct1ResTime" : 358756.6,
    "pct2ResTime" : 358911.4,
    "pct3ResTime" : 359081.0,
    "throughput" : 1.142201916410375,
    "receivedKBytesPerSec" : 223.76466056112707,
    "sentKBytesPerSec" : 0.15284884518719669
  }
}