{
  "HTTP Request-1" : {
    "transaction" : "HTTP Request-1",
    "sampleCount" : 100,
    "errorCount" : 0,
    "errorPct" : 0.0,
    "meanResTime" : 2997.8300000000027,
    "medianResTime" : 2949.0,
    "minResTime" : 1018.0,
    "maxResTime" : 5049.0,
    "pct1ResTime" : 4345.0,
    "pct2ResTime" : 4593.9,
    "pct3ResTime" : 5048.009999999999,
    "throughput" : 18.95734597156398,
    "receivedKBytesPerSec" : 21444.164691943126,
    "sentKBytesPerSec" : 2.1660248815165875
  },
  "Total" : {
    "transaction" : "Total",
    "sampleCount" : 300,
    "errorCount" : 0,
    "errorPct" : 0.0,
    "meanResTime" : 2065.9633333333322,
    "medianResTime" : 2193.5,
    "minResTime" : 82.0,
    "maxResTime" : 5143.0,
    "pct1ResTime" : 4308.5,
    "pct2ResTime" : 4584.099999999999,
    "pct3ResTime" : 5037.120000000001,
    "throughput" : 55.36076766931168,
    "receivedKBytesPerSec" : 41764.86955619118,
    "sentKBytesPerSec" : 8.433866949621702
  },
  "HTTP Request-0" : {
    "transaction" : "HTTP Request-0",
    "sampleCount" : 100,
    "errorCount" : 0,
    "errorPct" : 0.0,
    "meanResTime" : 100.41000000000003,
    "medianResTime" : 95.0,
    "minResTime" : 82.0,
    "maxResTime" : 141.0,
    "pct1ResTime" : 139.9,
    "pct2ResTime" : 140.0,
    "pct3ResTime" : 141.0,
    "throughput" : 99.9000999000999,
    "receivedKBytesPerSec" : 43.9014110889111,
    "sentKBytesPerSec" : 11.414366883116884
  },
  "HTTP Request" : {
    "transaction" : "HTTP Request",
    "sampleCount" : 100,
    "errorCount" : 0,
    "errorPct" : 0.0,
    "meanResTime" : 3099.6500000000015,
    "medianResTime" : 3043.0,
    "minResTime" : 1112.0,
    "maxResTime" : 5143.0,
    "pct1ResTime" : 4433.8,
    "pct2ResTime" : 4715.4,
    "pct3ResTime" : 5141.95,
    "throughput" : 18.453589223103894,
    "receivedKBytesPerSec" : 20882.43477809559,
    "sentKBytesPerSec" : 4.216933474810851
  }
}